T1,1103,1104,1112,1116,1120,1124,1129,1136,1151,1159,1161,1163,1166,1168,1172,1174,1181,1209,1211,1222,1228,1231,1234,1235,1240,1242,1246,1255,1260,1261,1266,1272,1274,1276,1277,1286,1293,1308,1313,1314,1323,1326,1344,1345,1350,1353,1355,1361,1362,1371,1388,1389,1394,1395,1397,1400,1403,1411,1412,1417,1425,1436,1437,1439,1458,1460,1461,1463
1103,,0.25756096648963517,0.11072385947745066,0.2599146656515672,0.14902350110350984,0.1207004341349013,0.3045047096003852,0.8824569484359377,0.3559818351471589,0.6931346005378499,0.28950658084096637,0.1555228170399184,0.4136975713191304,0.8024041699433976,0.33285237777961096,0.6826539992627941,0.14563344359568448,0.7967051336707033,0.07282142127237361,0.0814686715273843,0.2243694201132366,0.242619532158264,0.15306079592497593,0.28319933334024366,0.7342377878621368,0.1629400172804994,0.1633788792313958,0.8329128795527678,0.17702301381988658,0.1568369983316866,0.4093913856265899,0.2897169119934196,0.48299807022640256,0.298061395242546,0.2681867638605703,0.6798376072069144,0.38496794085144975,0.44106901831913364,0.8376857582729788,0.3149408612823188,0.48651002595623105,0.23691433146374644,0.3016258227828008,0.15161807440643843,0.523478641556343,0.4830838718800096,0.3784396049972176,0.257545747370098,0.24573931258470413,0.2395428951334545,0.27850277312884414,0.7593676222099807,0.9128624165994972,0.41404400977664396,0.14749999229425467,0.14767449639628083,0.14668218184452927,0.8424250815571406,0.32003029024203167,0.13520857147571214,0.2287883673275914,0.3266865379946862,0.159768250342989,0.2209295485685478,0.2856923631921445,0.868539265872893,0.32847096952018107,0.6797766188913061
1104,0.7424390335103648,,0.26405795425903666,0.5029933538607773,0.3353925772116018,0.28344676180955236,0.5578517469192291,0.9558197303731543,0.6143272274050452,0.8668281889062354,0.540064926067535,0.3467083833509145,0.6703315842084765,0.9212733046386186,0.5897842192707673,0.8610910020490871,0.32940401648351925,0.9186551183075841,0.1845604348187661,0.20356311560329934,0.45462598063849685,0.48001427030686034,0.3424470995083957,0.5323893065208408,0.8884114619584308,0.3593634765257071,0.3601037885817381,0.9349173044990663,0.38266242244231696,0.3489704981309301,0.666390294450309,0.5403188574333422,0.7291573915388903,0.5502891962632814,0.513632611609765,0.8595323559961243,0.6433356272740065,0.6945676084321618,0.9369968093422623,0.5698564256365762,0.7319252814339942,0.4722071746754396,0.5544872405991454,0.33993575185879954,0.7599434261126624,0.7292252430676085,0.6369635292180434,0.4999054486191736,0.48423495442259734,0.4758185008556865,0.5265961655519754,0.9009300392563615,0.9679375675939399,0.6706471059520592,0.33270868707916246,0.3330167129904422,0.3312630165558188,0.9390473976456011,0.5756040341017297,0.3106067740348759,0.4608851559731916,0.5830181953813836,0.35398510387454707,0.44970271295665865,0.5354373668405542,0.9500973466674281,0.5849863009848344,0.8594985236953976
1112,0.8892761405225493,0.7359420457409633,,0.7382959686774628,0.5844970954454923,0.5244127683275613,0.778613548777146,0.9836886466538511,0.8161826362944757,0.9477651922366397,0.7659820731529716,0.5966720035823063,0.8500307378087115,0.9702559690693505,0.8003095923438046,0.9452948057105989,0.5779284395642974,0.969212343308366,0.38684507933946277,0.4160488224178478,0.6991303814315931,0.7201430873637762,0.5921230633335457,0.7604040395022849,0.9568834081320173,0.6099326463064144,0.6106970818737172,0.9756353691654895,0.6334147239968724,0.5990694803240441,0.847749858312584,0.7661652798263989,0.882415805233272,0.7732924148998492,0.7464373921192544,0.9446202144730641,0.8341083388878421,0.8637413060528754,0.9764466377193428,0.7869138799910883,0.8838669171281992,0.7137916358666366,0.7762551490786919,0.5894219998794158,0.8982131412752381,0.8824514520478159,0.8302452109696294,0.7359024074874976,0.7235372466574083,0.7167415325261911,0.7561418306558165,0.9620485916075067,0.9882564675538356,0.8502127027582945,0.581564129090749,0.5819016372195479,0.5799769696418215,0.977244420264388,0.7908257631780157,0.5567229884056455,0.7044079334859584,0.7958137847581787,0.6043418141254137,0.6949332273820819,0.7626284911222524,0.9815061001449599,0.7971270109684127,0.944605555219264
1116,0.7400853343484328,0.49700664613922274,0.26170403132253717,,0.33265687405394956,0.28095564832500225,0.5548162877342268,0.9552974853877045,0.6114094081945465,0.8654021297292037,0.5370087023960565,0.34392814465215094,0.667608216421247,0.9203767125023964,0.5868056075045437,0.8596134565410943,0.3266931491932611,0.9177313712000059,0.1827167889016694,0.20157656928136342,0.45157854161995986,0.47694547837914625,0.3396832643933699,0.5293265295188777,0.8871864459387189,0.3565371407612696,0.3572748774806295,0.9341649952465121,0.3797614681028969,0.34618173198400115,0.663650704787201,0.5372628753605917,0.726721867064204,0.5472439559052338,0.5105599237026882,0.8580409647046839,0.6405088464001383,0.6919524462707161,0.9362668990366803,0.5668393879013249,0.7295054135270227,0.46914326295178294,0.5514472558238452,0.3371817919942796,0.7576927447520102,0.7267901001229248,0.63411496809104,0.4968309940090152,0.48116414794537166,0.47275214552880157,0.5235294031413767,0.8998269560517818,0.9675537023180256,0.6679250534347653,0.329984006200521,0.33029075815735337,0.3285443457643883,0.938339680663769,0.5725970740833225,0.3079795556067263,0.4578309821491967,0.5800254385711486,0.35117788052370225,0.44666124722159584,0.5323770185417179,0.9495110317624746,0.5819975422039414,0.8580068325358818
1120,0.8509764988964902,0.6646074227883982,0.41550290455450767,0.6673431259460505,,0.43938342682605214,0.7142695384385616,0.9772027557920732,0.7593833885815021,0.9280399817916706,0.6993842640943995,0.5125533349657461,0.8011422240847808,0.9586533409717183,0.7401670338182457,0.9247108204588107,0.49322082480780505,0.9572205643946889,0.3096006684595574,0.3361701788455716,0.6228744218900683,0.6465201620600457,0.5078382190747768,0.6928553363327928,0.9403848867692121,0.5263843612720648,0.5271856056860469,0.9660577430591453,0.5511951268687203,0.5150444319655153,0.7982942375437164,0.6995991612586205,0.8421237143891203,0.7079818923363467,0.6766256282783119,0.9238028603610664,0.7813643346596052,0.8183672680655386,0.9671771888152727,0.7241275377750837,0.8439841569591601,0.6393346392065181,0.7114796879684281,0.5050455611611275,0.8624907032137175,0.8421693913613457,0.7766019154663113,0.6644938343040746,0.650373729169131,0.6426677739180989,0.6878847158599676,0.9474179137771697,0.9835565197879992,0.8013696465504373,0.4969510535469718,0.4972978163830276,0.49532146376033204,0.968278739764762,0.7287948142933943,0.471650279298064,0.628779344458445,0.734765932579524,0.5205373738523588,0.6181944356382855,0.695455752905103,0.9741751459739239,0.736341707931772,0.9237831352799764
1124,0.8792995658650987,0.7165532381904476,0.47558723167243866,0.7190443516749978,0.5606165731739479,,0.761288311534001,0.982042005179362,0.8010462188093337,0.9427032869842441,0.7479882724447424,0.5729183671895343,0.8371253301448586,0.9672983702114841,0.7842116821262931,0.9400086566220852,0.5538962413225627,0.9661545913920596,0.3639078661591638,0.3924884367805881,0.6781561043683155,0.700005092399761,0.5682953566018846,0.7421257323095954,0.9526609845916209,0.5864186540644686,0.587197983238488,0.9731978951972158,0.6104121122178449,0.5753565529864154,0.8346863446504849,0.7481809348966534,0.8718771970402721,0.7556814242157334,0.727475461707941,0.9392730674079373,0.8201226978480732,0.8518100552743377,0.9740881687294488,0.7700463679772591,0.8734397129188554,0.6933911913155503,0.7588025221530761,0.5655522747316314,0.888912143497358,0.8719155749946228,0.8160057276203668,0.7164519203332418,0.7035429454043757,0.6964619375229739,0.7376505508604763,0.9583099581498297,0.9870648868967058,0.8373199570551073,0.5575804695310241,0.55792261753304,0.5559717958602249,0.9749637873946471,0.774179046213917,0.5324601658428681,0.683635082530543,0.779453324298065,0.5807224730297007,0.6738028741801847,0.7444628548710223,0.9796436886810025,0.7808427960475741,0.9392570837593347
1129,0.6954952903996148,0.4421482530807709,0.22138645122285405,0.44518371226577325,0.28573046156143844,0.238711688465999,,0.9448828141154514,0.5579501033957602,0.8376041848543827,0.4819858865281,0.29603910264843597,0.6170376727190545,0.9026553252432344,0.5325493378633268,0.8308536682037834,0.28017907390141317,0.8994855212679379,0.15207194926316886,0.1684204457830159,0.3977884514167009,0.42246139462521215,0.29212210915682474,0.47428451413001627,0.8631762111494807,0.30771587362336394,0.3084010077477048,0.9192431363201505,0.3293879671191553,0.29812148585201714,0.6128272424692589,0.48224114228514925,0.6808454903996216,0.49228749884502704,0.4555804848954973,0.8290231075825434,0.5883575398034191,0.6431056847758729,0.9217815579022612,0.5121410409873324,0.6838930643921641,0.4148435716341174,0.4965316114949264,0.28981715794193186,0.7149764274062129,0.6809201487046423,0.5816419518370057,0.4419948673802476,0.4265911867104012,0.4183639402025383,0.46849018399249975,0.878137480665744,0.9598745148111067,0.6173750866823172,0.28319845853768705,0.2834801199084754,0.2818770426030859,0.9242873474200489,0.5180075573684138,0.2630887971547561,0.4038445545502168,0.5255986296386727,0.30274519324241134,0.3930371111291002,0.4773394956453656,0.9378359737822106,0.5276181641100907,0.8289833890360696
1136,0.1175430515640623,0.044180269626845736,0.01631135334614886,0.04470251461229546,0.022797244207926837,0.01795799482063798,0.055117185884548614,,0.068564703503361,0.231246411850693,0.05147151467852458,0.023938749296283948,0.08589638649069045,0.3509848793104767,0.06230319895053736,0.22268176522362373,0.022196607825001272,0.3429276930545773,0.010351302714848947,0.011673877343546218,0.0370945887001745,0.04091539699316831,0.023501812801323164,0.04998530424911135,0.26896685301995166,0.025268211196498514,0.025347497039402082,0.39898695253562494,0.02784802454156786,0.024172861457138515,0.08451046610421542,0.051521450034407654,0.11064834883501384,0.05352234786336496,0.04653298813588931,0.22044482866698023,0.07694372034143282,0.09509735101590468,0.40733513759262285,0.05769155191319174,0.112039614915973,0.03970462190620101,0.054388997503163374,0.023246769833523806,0.12762557480723863,0.11068216560463606,0.07500190194234412,0.04415601633208754,0.041583921997520965,0.04026058612462945,0.04889254390097296,0.2959026782410805,0.5824879919794639,0.08600858707956288,0.022522802643900133,0.02255336055394006,0.022379734655573334,0.4158780026781165,0.05898176291515284,0.020396763009158006,0.03800589536658272,0.0606931424626642,0.02469727397415875,0.0363911712188064,0.05057016862873264,0.46804435767424296,0.061156628467751634,0.22039668246770752
1151,0.6440181648528411,0.3856727725949548,0.18381736370552426,0.3885905918054535,0.24061661141849788,0.1989537811906663,0.44204989660423977,0.931435296496639,,0.8034072642538165,0.42436761350967755,0.2499249204577019,0.5607513597260153,0.8801974473873551,0.47442240799894186,0.7955821598638446,0.23570820794748312,0.8763964923471818,0.12442000726368896,0.13828057466225976,0.34355990472593667,0.3669186630422519,0.24640451021639043,0.41684604368837946,0.8332924357080481,0.26045576084503685,0.2610753523689897,0.9001889875363496,0.28014630992474926,0.25179895459715557,0.556367020342551,0.4246173676337579,0.6282878276902538,0.43447061533732767,0.3986893346371356,0.7934647675195413,0.5310595006112309,0.588093091224847,0.9032633079041843,0.4540778363960578,0.6315656875660093,0.3596786448621588,0.43864692222956886,0.24433577623181854,0.6652761145134102,0.628368069709073,0.524165139459428,0.38559863472424033,0.3708541451063237,0.3630213033465519,0.4112045627976507,0.8509571790861361,0.9498844686310486,0.5611030909992728,0.23840707456788993,0.23865902000900788,0.2372254890635052,0.9063020413733562,0.459906244315602,0.2204996062578384,0.34926923790657655,0.4674716656861316,0.2559662291965669,0.33909157111017085,0.41982650526215987,0.9228002870657608,0.46948888740159334,0.7934188470035352
1159,0.3068653994621501,0.13317181109376464,0.052234807763360314,0.13459787027079628,0.07196001820832942,0.057296713015755896,0.1623958151456173,0.768753588149307,0.19659273574618352,,0.1528400558179399,0.07539392143026619,0.23804705965144501,0.6426013869368354,0.18093462420633918,0.4878223111073414,0.0701763627998839,0.6343933833454221,0.033606490376825886,0.037786904697854784,0.11353823638954608,0.12421713240922978,0.07408910038783874,0.1488863186822736,0.5502089812241239,0.07934868767478946,0.079583810799317,0.6881957704793614,0.08695738694990376,0.07609201667135167,0.23483689841961244,0.15297247423697646,0.29260827345027146,0.15825595118970837,0.13960704074455416,0.48458232519790523,0.21700087320577557,0.25892939243771756,0.6955916986541564,0.16912571922753813,0.295527195536017,0.12085189730433575,0.16053084266265238,0.07332630459090683,0.32723177141579446,0.29267940022038447,0.21233754246483083,0.13313959843524364,0.12606783238707,0.12239929833248729,0.14596361918474834,0.5828538373879254,0.822646405583507,0.2383061918461133,0.07115634297432841,0.07124807511017107,0.07072670078379077,0.7030089977801761,0.1724519574609156,0.06474361206198662,0.11610110482117694,0.1768370125964219,0.07765314610931705,0.11155316827419608,0.15044513943751214,0.7452408223644128,0.1780193423646666,0.48451234514706154
1161,0.7104934191590336,0.459935073932465,0.23401792684702838,0.46299129760394353,0.30061573590560053,0.2520117275552576,0.5180141134719001,0.9485284853214754,0.5756323864903224,0.8471599441820601,,0.31119041605059916,0.6338257700555612,0.9087738050459291,0.5503421285860851,0.8406886440353166,0.29485866274349537,0.9057824394959604,0.16154588500201864,0.17869823227263243,0.415076781770448,0.44003849456936434,0.3071604227526652,0.4921802894918722,0.8714226412897811,0.3231904371325309,0.32389390570431004,0.9244063236691442,0.3454086136098557,0.31333193876857957,0.6296891432408362,0.5001515164805181,0.696213548290248,0.5102033179032962,0.47340603778509344,0.8389438886611678,0.6055992779835051,0.6593818523558431,0.9267953757508679,0.5300251067874057,0.6991792125471655,0.43234098786917396,0.5144453822801373,0.3047879036863227,0.7293543077119122,0.6962862152773193,0.5989732497445519,0.45973773777733373,0.44420795438570404,0.43589923042207834,0.48636959633632326,0.8856016953789688,0.962545781348816,0.6341571624798549,0.2979707581940301,0.29826099829710506,0.2966089362242369,0.9291528888566979,0.5358714619382711,0.2772178099783151,0.4212119932988381,0.5434291661270262,0.3180846418785523,0.41025962109830394,0.49524195278765737,0.9418855801914455,0.5454384417037865,0.8389060269164801
1163,0.8444771829600816,0.6532916166490855,0.4033279964176937,0.6560718553478491,0.48744666503425393,0.42708163281046574,0.7039608973515641,0.9760612507037161,0.7500750795422981,0.9246060785697339,0.6888095839494008,,0.7930134751759929,0.9566145253273411,0.7303846110213507,0.9211359782765915,0.48066453294742273,0.9551144060940723,0.29896129882083283,0.3250476298942479,0.6109969075106985,0.6349509079644975,0.49527347862674553,0.6820568198903949,0.9375039743584315,0.5138398321160618,0.5146427306275312,0.9643704707300399,0.5387318910431085,0.5024834306982523,0.7900795754378486,0.6889312936556218,0.8353258362026632,0.6974829883100364,0.6655319624588415,0.9201886277998614,0.7726565424200371,0.8107763249383235,0.965543579434811,0.7139746011018813,0.8372509046076048,0.6276656468050489,0.7010534392399509,0.4924807759292,0.8564202717032675,0.835373095461464,0.7677608225278083,0.6531972942473918,0.6388601481950059,0.6310443879968429,0.6769929142219927,0.944856944101678,0.9827235568649039,0.7932477948982104,0.48439056637899364,0.4847370101718884,0.482762637570631,0.9666980674490416,0.7187469315830788,0.45914560238902363,0.6169734426296521,0.7248557544628265,0.5079827335514719,0.6062626988125771,0.6847070572067409,0.972880062556554,0.7264684887252548,0.9201680479583648
1166,0.5863024286808696,0.3296684157915235,0.14996926219128848,0.332391783578753,0.19885777591521925,0.16287466985514143,0.3829623272809455,0.9141036135093096,0.4392486402739847,0.761952940348555,0.3661742299444388,0.20698652482400715,,0.8520167508383951,0.4143056906534993,0.7530812573016824,0.19463819945185823,0.8474766413575776,0.10019879630252203,0.11170532870268436,0.29084902846127403,0.3123291148464553,0.20396814685392295,0.3590411082063034,0.796627726669575,0.21629401960601582,0.21683935880006888,0.876048603143487,0.23370095901033747,0.20869082455013463,0.49565921566821297,0.36641189369023663,0.56981205921906,0.37579663145905473,0.3419259270682858,0.7506616039314155,0.4701864124056084,0.5280439667289771,0.8797671689276075,0.3946035508073711,0.5732553318348401,0.30564621199650976,0.37978769962821307,0.20216011854433524,0.6089979347063545,0.5698962830538846,0.46330155415725177,0.32967716712603234,0.31597131309717685,0.3087288314009384,0.35370743581520364,0.8173258660184388,0.9369212470070547,0.5004614841507325,0.19698801579482408,0.19720752425232216,0.19595889132876498,0.8834487370936205,0.4002282265517101,0.18145043129850136,0.29607749155001756,0.4075527354090015,0.21234714083628442,0.2867667651279778,0.36186473231898425,0.9035426993252642,0.4095102276474921,0.7506091578409995
1168,0.19759583005660242,0.07872669536138144,0.02974403093064948,0.07962328749760361,0.04134665902828172,0.032701629788515874,0.09734467475676556,0.6490151206895233,0.11980255261264494,0.35739861306316456,0.09122619495407092,0.04338547467265885,0.14798324916160488,,0.10938995150799437,0.3462237555855375,0.0402739547352206,0.49103890787726845,0.018968750357247748,0.021368593042681714,0.06648021093618277,0.0730980159842699,0.042595837349667424,0.0886426338813262,0.40481444552288026,0.045730137167060134,0.04587060637266121,0.5510065300280478,0.05029126830406009,0.043787631564669936,0.1457716361384802,0.09125268116173155,0.18698679880249067,0.09464262224419312,0.08275295636401847,0.3432938738844181,0.13351977265199647,0.16266926993334332,0.5595740251156327,0.10167087152051861,0.18913379766524682,0.07100539464386715,0.09610749343681943,0.042142527468030794,0.21287336359699746,0.1870390397225149,0.13035178276926543,0.0786784893493366,0.07425166931058902,0.07196680169782539,0.08678196053956139,0.4372181678501798,0.720596327144429,0.1481799614651223,0.040854709111790996,0.04090909798391082,0.04060003097354567,0.5682484279300362,0.10383625289342978,0.03706384401155982,0.06806240880589616,0.10670153041587832,0.04471807197721361,0.06525732405370875,0.08963713927475042,0.6192648854750398,0.10747616044761912,0.3432307102217071
1172,0.667147622220389,0.4102157807292327,0.1996904076561954,0.4131943924954563,0.25983296618175433,0.2157883178737069,0.4674506621366732,0.9376968010494626,0.5255775920010581,0.8190653757936608,0.4496578714139149,0.26961538897864934,0.5856943093465007,0.8906100484920056,,0.8117169908397274,0.25463223526647855,0.887058128654277,0.1359990510302226,0.15092719154357798,0.3669851749005509,0.39098798823028313,0.2658885454882235,0.44190439756205074,0.8470231000017203,0.28063711249564915,0.28128645268210567,0.9090114291514455,0.3012319222107646,0.2715558382913932,0.5814498829805186,0.4497825657979623,0.6518488806431983,0.45975316638710517,0.4234487720880937,0.809726755122018,0.5564324638277807,0.6126310874601364,0.9118406188661135,0.4795338864834736,0.6550330494426114,0.38356078093670215,0.46397311525996643,0.26371347359638186,0.6876581876623908,0.6519268542496854,0.5495947568082464,0.41009955867342834,0.3950205482019201,0.3869912484840404,0.4361774425409318,0.863471288604299,0.9545361042511239,0.5861173768114014,0.2574747871623011,0.25774006372813224,0.2562304934101286,0.9146353816334918,0.4853985191196777,0.2385837606877187,0.3728626763557654,0.49300050518213173,0.2759295035819501,0.36238036154501896,0.4449273278263249,0.9297799888702815,0.49502548491876575,0.8096835830236971
1174,0.31734600073720587,0.13890899795091294,0.05470519428940113,0.14038654345890567,0.0752891795411893,0.059991343377914785,0.16914633179621663,0.7773182347763763,0.20441784013615538,0.5121776888926586,0.15931135596468338,0.07886402172340845,0.2469187426983176,0.6537762444144626,0.18828300916027263,,0.07342575287592787,0.6456277631900111,0.035226729787828245,0.03960043177195495,0.11853945445181877,0.12961996101760054,0.07750456128893746,0.15517202157100268,0.56224518079833,0.08298488140325894,0.08322980510248931,0.6985624603110662,0.09090782421985576,0.07959187373532922,0.243712221824012,0.15939837898224363,0.3028029375116857,0.16486060095234892,0.14556799239838053,0.49676846584465173,0.22540068124520973,0.2683958669875332,0.705817605635417,0.17608910842794345,0.3057795967903475,0.1261294351101776,0.16721157290355798,0.0767095143731817,0.33805625816333157,0.30287548136515313,0.2206076978196753,0.13886897343928373,0.1315390670420548,0.12773459221941666,0.1521479889312029,0.5946600298947827,0.8296494598013966,0.24727026043025865,0.07444747616442862,0.07454311060705134,0.07399954526422242,0.7130885117455851,0.17952270715879332,0.06775978007700104,0.12119977922196175,0.18404756901490577,0.08121849528341442,0.11647843588238872,0.15678452981184762,0.7543877943851643,0.18526725802841554,0.4966984218789137
1181,0.8543665564043155,0.6705959835164808,0.4220715604357026,0.6733068508067389,0.506779175192195,0.44610375867743735,0.7198209260985868,0.9778033921749987,0.7642917920525168,0.9298236372001161,0.7051413372565046,0.5193354670525773,0.8053618005481418,0.9597260452647794,0.7453677647335215,0.9265742471240721,,0.9583138076288449,0.3154075974397723,0.3422284239154598,0.6292021850124284,0.6526724110612027,0.5145919676724575,0.6985771186724972,0.9418822493903145,0.5331175849879386,0.5339175244637336,0.9669329506565016,0.5578718911744667,0.5217924107786718,0.8026113924048658,0.7052487583052454,0.8456841167153748,0.7135383899025854,0.682511209926717,0.9256838020626895,0.7859466829543402,0.8223504030724884,0.9680244866951221,0.7294941991856532,0.8475102002345822,0.6455433848859575,0.7169962343000537,0.5118007917614332,0.865665061568245,0.8457289522943723,0.7812561352516931,0.6704926919536894,0.6564945431448722,0.6488506555860353,0.6936581542329844,0.9487482542532445,0.9839879966809834,0.8056370040072561,0.5037081989739799,0.5040549523808868,0.5020785664448775,0.9690985104064113,0.7341040205081759,0.4783905616084167,0.6350660779630215,0.7399999479855386,0.5272790718840492,0.6245533917374244,0.7011499871983132,0.9748464946113764,0.7415555651649162,0.9256645247184809
1209,0.20329486632929672,0.08134488169241594,0.03078765669163397,0.08226862879999408,0.042779435605311056,0.033845408607940386,0.1005144787320621,0.6570723069454227,0.12360350765281825,0.36560661665457794,0.09421756050403962,0.04488559390592772,0.1525233586424224,0.5089610921227316,0.11294187134572298,0.35437223680998886,0.04168619237115512,,0.019643181605570898,0.02212642589416262,0.06872556513340429,0.07554879623178308,0.04407258696220093,0.09156310024079602,0.41342623541976165,0.04731017984700694,0.04745526111035846,0.5598032023380992,0.05202031375267808,0.045303744189161436,0.15026396821470311,0.09425024642745837,0.19246310984534046,0.0977395670601862,0.08549758231572814,0.3513695368327075,0.13769539371634093,0.16758018830023735,0.5683343423782219,0.10497113321335826,0.19465793309846396,0.0733915701422486,0.09924711787284216,0.04360427710057241,0.21890368832390938,0.19251651846150297,0.13444370230767838,0.08129995721769938,0.07673792624320547,0.07438269892642124,0.08964715432786516,0.4460027398441304,0.7277123091729855,0.15273324226903867,0.04227376107278502,0.04232995572016361,0.0420106243722353,0.5769666443316647,0.10719841577531859,0.038356489260337474,0.07035717385703466,0.11014506659819999,0.046264841666096415,0.06746436042002343,0.092587042399432,0.6276280040961297,0.11094159121139736,0.35130568217001884
1211,0.9271785787276264,0.8154395651812338,0.6131549206605372,0.8172832110983306,0.6903993315404426,0.6360921338408362,0.8479280507368312,0.989648697285151,0.875579992736311,0.9663935096231742,0.8384541149979814,0.7010387011791672,0.899801203697478,0.9810312496427522,0.8640009489697774,0.9647732702121717,0.6845924025602277,0.9803568183944291,,0.5304590733143614,0.7865346657549595,0.8031617159413819,0.6971474942041024,0.8342286398169868,0.9723684288836882,0.7125971196805404,0.7132549461507276,0.984494881459889,0.7326082529895883,0.7032018182608104,0.8982621808646135,0.8385915272096494,0.9224786505658262,0.8439607424819339,0.823566909828296,0.9643453676897195,0.888551545919023,0.9095144055227378,0.985015685722101,0.854137092178663,0.9234782202022428,0.7981663366387742,0.8461836461660956,0.6947834264578157,0.933300420277421,0.9225032185865215,0.8857826325796658,0.8154441662462326,0.805820500644056,0.8004896684758714,0.8309878107573297,0.9757256319659215,0.9925616619430018,0.9000043033954772,0.6878742109835851,0.6881719476823249,0.6864729018451579,0.9855275255187661,0.8570390787554714,0.6657166208268827,0.790737961012243,0.8607262308245993,0.7077727656330567,0.7831786676727083,0.8359155904477167,0.9882565813743976,0.8616945270991783,0.9643357326319982
1222,0.9185313284726158,0.7964368843967007,0.5839511775821522,0.7984234307186366,0.6638298211544285,0.6075115632194119,0.8315795542169842,0.9883261226564538,0.8617194253377403,0.9622130953021453,0.8213017677273675,0.674952370105752,0.8882946712973157,0.9786314069573183,0.8490728084564221,0.9603995682280451,0.6577715760845402,0.9778735741058374,0.4695409266856386,,0.7653958286300535,0.7832155908566919,0.6708610762017998,0.8167121863157296,0.9689046173919377,0.6870497072633408,0.6877403847916607,0.9825238849673505,0.7081110220203128,0.6771975718865227,0.8865920984247292,0.821437407036118,0.9133183201941786,0.8272597072993522,0.8051869560352224,0.9599172677907205,0.8759214441127924,0.8989898952103613,0.9831097575759151,0.8383165790310004,0.914425047196925,0.7778540250471891,0.8296725138128942,0.6683894197390424,0.9253153178231196,0.9133455185954187,0.8728836297376336,0.7964271884675643,0.7860720346327259,0.7803468284454814,0.8132055888421771,0.9726708411749087,0.9916073655110885,0.8885092522341819,0.6611740962696754,0.6614847683345273,0.6597122152295544,0.9836856224983741,0.841474902183171,0.6381182410345849,0.7698935897398673,0.8454911060170403,0.6819878926505005,0.7618081392514043,0.8185386170685891,0.9867573365764594,0.8465464398675209,0.9599064858648275
1228,0.7756305798867634,0.5453740193615031,0.3008696185684069,0.5484214583800402,0.37712557810993175,0.3218438956316845,0.6022115485832991,0.9629054112998255,0.6564400952740633,0.8864617636104539,0.5849232182295521,0.38900309248930154,0.709150971538726,0.9335197890638173,0.6330148250994492,0.8814605455481812,0.3707978149875716,0.9312744348665957,0.21346533424504055,0.2346041713699465,,0.5254170293501389,0.3844584653212513,0.577246535782187,0.9051975553605986,0.4021808206963062,0.40295385826251656,0.9451395937049636,0.42640806486220884,0.3913059058980665,0.7055036062476528,0.5850083505301553,0.7635231449433377,0.5947364079716665,0.5587980244578625,0.8800762746482051,0.6838696528253443,0.7317073777470209,0.9469110257046246,0.6137272202276739,0.7660525143266016,0.5176065549963837,0.5988220235120167,0.38181792398035047,0.7915197853193785,0.7635851785577468,0.6778591088552917,0.545216915217427,0.5296303088454164,0.5212222035974171,0.571561902956069,0.9160110121995763,0.973122590707156,0.7094789177339752,0.37420523882261764,0.37453011990467705,0.37267996130978515,0.9486566138825292,0.6192802659970753,0.3507958617888162,0.5062400854290947,0.6264266156812985,0.3965582995682039,0.4949675285762753,0.5802327424041129,0.9580423672763828,0.6283204532226397,0.8800466999086355
1231,0.757380467841736,0.5199857296931396,0.2798569126362238,0.5230545216208538,0.3534798379399543,0.29999490760023895,0.5775386053747879,0.9590846030068317,0.6330813369577482,0.8757828675907702,0.5599615054306357,0.3650490920355025,0.6876708851535447,0.9269019840157301,0.6090120117697169,0.8703800389823995,0.34732758893879734,0.9244512037682169,0.19683828405861814,0.2167844091433081,0.4745829706498611,,0.3607160001459365,0.55228048152525,0.8961133793946331,0.3780160267047,0.3787720454263667,0.9396274850276576,0.40176588445279404,0.3673929663643383,0.6839650335268402,0.5601514013313726,0.7446923534083075,0.5700338855298399,0.5336227161645141,0.8689334659356961,0.661507978657177,0.711301033441788,0.9415658978816601,0.5893830601884684,0.7473564913482954,0.49221666877285375,0.5741902361485236,0.358143648220326,0.7742592489356074,0.7447576754522238,0.6552865823694732,0.5199324225605192,0.5042671663742272,0.4958372601203744,0.5465238672437489,0.9078575307419605,0.9703338276485969,0.6881025524458164,0.3507351741986704,0.3510511093694163,0.3492521716639795,0.9434767452290111,0.5950551617159882,0.3280244216324266,0.48085198084007086,0.6023642588892774,0.3725208210004655,0.4696070773854193,0.5553071842447503,0.9537632459558705,0.6043030266094898,0.8689015525789202
1234,0.8469392040750241,0.6575529004916043,0.4078769366664543,0.6603167356066302,0.4921617809252232,0.43170464339811543,0.7078778908431753,0.9764981871986769,0.7535954897836096,0.9259108996121612,0.6928395772473348,0.5047265213732545,0.796031853146077,0.9574041626503326,0.7341114545117765,0.9224954387110625,0.4854080323275425,0.955927413037799,0.3028525057958976,0.3291389237982002,0.6155415346787487,0.6392839998540635,,0.6861500725709219,0.938604588275741,0.518570111396992,0.5193725049685122,0.9650155964317713,0.5434351739394468,0.5072182383183913,0.7932037795411861,0.6929758824168256,0.8379147956835039,0.7014645685152339,0.6697349442538665,0.9215686701281339,0.7759665224465186,0.8136651491493533,0.9661682094229331,0.7178269381708288,0.8398154024988812,0.632081412843527,0.7050079018500893,0.49721552651760914,0.858733676060162,0.8379614560741827,0.7711209667933596,0.6574755030872224,0.6432186170704927,0.6354433568998832,0.681120880791244,0.9458355467558522,0.9830422160426914,0.7963370016352224,0.489122497574193,0.48946911294666184,0.48749370159094013,0.9673024774814851,0.7225599692384147,0.46385277858904156,0.6214395349206339,0.728617243555831,0.5127159580772409,0.6107748917672003,0.6887817588517047,0.9733753632781664,0.7302161360808994,0.9215484158003089
1235,0.7168006666597564,0.4676106934791592,0.23959596049771514,0.4706734704811223,0.30714466366720716,0.25787426769040456,0.5257154858699837,0.9500146957508886,0.5831539563116206,0.8511136813177265,0.5078197105081278,0.3179431801096051,0.6409588917936966,0.9113573661186738,0.5580956024379493,0.8448279784289974,0.30142288132750283,0.9084368997592039,0.1657713601830132,0.18328781368427038,0.422753464217813,0.44771951847475,0.31384992742907813,,0.8748775681521944,0.3300512398550105,0.3307623437953691,0.9265575442299082,0.35249542455358984,0.32008243607224307,0.6369332938785065,0.5079495671028172,0.7027706069221005,0.5179956786929618,0.48118852132527856,0.8431144143441498,0.613025074023372,0.6663529178556237,0.9288838397816032,0.537787804671448,0.7056993179760283,0.4400124757652863,0.522233452402948,0.3114378132344024,0.7354678353521027,0.702842374889674,0.606442727043803,0.4674950037685656,0.45192237379906913,0.4435845184653372,0.49416520378211604,0.8887242763481648,0.9636543155299069,0.641363689217935,0.3045370845625551,0.3048309434142497,0.30315821172652224,0.9311790894484493,0.5436207422158051,0.28351149777725376,0.42883518803865467,0.5511579527968229,0.32488908630217267,0.41782769145142207,0.5030404922345507,0.9435697465610644,0.5531611828565087,0.8430773496377746
1240,0.2657622121378632,0.11158853804156921,0.04311659186798267,0.11281355406128113,0.05961511323078794,0.04733901540837915,0.13682378885051927,0.7310331469800484,0.16670756429195188,0.44979101877587613,0.12857735871021891,0.06249602564156853,0.20337227333042496,0.5951855544771197,0.15297689999827968,0.43775481920167003,0.05811775060968549,0.5865737645802384,0.02763157111631176,0.031095382608062327,0.09480244463940135,0.10388662060536691,0.061395411724259,0.12512243184780558,,0.06581583906843678,0.0660137374570209,0.6433913519466982,0.07222868765206651,0.063076536804211,0.20056266601510256,0.12863760137251795,0.25268683223179644,0.13321276794476372,0.1171043913602066,0.4345590905379523,0.18470142213803903,0.22215980924971448,0.6513115666437,0.14265396163789676,0.255351270928131,0.10101737495658525,0.13518548459647184,0.06075279007681007,0.2844862705590089,0.25275172222271425,0.18057213046126586,0.11154425994901329,0.10547996641273445,0.10234037609048056,0.12258235647277611,0.53318020755881,0.7913029827223329,0.20366038975703105,0.058931256376531016,0.059008229601767416,0.05857077467861698,0.6592793112892671,0.1455507754058522,0.05355674490309451,0.0969603010584309,0.14937526624909178,0.0643892461993433,0.09308319208954824,0.12645229355985133,0.7051211651668513,0.15040753599834342,0.43449024475306386
1242,0.8370599827195007,0.6406365234742929,0.3900673536935856,0.6434628592387304,0.4736156387279352,0.4135813459355314,0.692284126376636,0.9747317888035015,0.7395442391549631,0.9206513123252106,0.6768095628674691,0.48616016788393823,0.7837059803939842,0.9542698628329399,0.7193628875043508,0.917015118596741,0.4668824150120614,0.9526898201529931,0.2874028803194596,0.3129502927366592,0.5978191793036938,0.6219839732953,0.48142988860300795,0.6699487601449895,0.9341841609315632,,0.5007084934419693,0.9624043762876712,0.524850725511494,0.4885470298853234,0.7806830744954658,0.6768589606223809,0.8275124960927772,0.685591077039505,0.6530089034635526,0.9159968768402883,0.762714374500747,0.8020741721034446,0.9636397783037695,0.702454416219628,0.829510261433634,0.6145459389958773,0.6892393478507529,0.47855494845320323,0.8494273914641809,0.8275615347860494,0.7576717032967203,0.6404618975705436,0.6258997923823408,0.6179712721780087,0.6646827691270734,0.9418789582739234,0.9817510505915377,0.7839543310099655,0.4704814338125087,0.4708270135852774,0.46885774354368787,0.9648557327989383,0.7073401718305495,0.44533526914389826,0.6037148493908141,0.7135980258261029,0.49404526854354286,0.5928780001746435,0.6725487057528073,0.971369600246414,0.7152508245605657,0.9159753148273676
1246,0.8366211207686042,0.6398962114182619,0.3893029181262828,0.6427251225193704,0.4728143943139531,0.41280201676151196,0.6915989922522952,0.9746525029605979,0.7389246476310103,0.920416189200683,0.67610609429569,0.4853572693724688,0.7831606411999311,0.9541293936273388,0.7187135473178943,0.9167701948975107,0.46608247553626636,0.9525447388896415,0.2867450538492724,0.31225961520833934,0.5970461417374835,0.6212279545736332,0.48062749503148783,0.6692376562046309,0.9339862625429791,0.4992915065580307,,0.9622947015748211,0.5240958038791027,0.48779071899291215,0.7801643707558786,0.6761965516802588,0.8270800158400337,0.6849382360849191,0.6523227173075096,0.9157636707108615,0.7621661200238228,0.8015932025191215,0.9635335709738857,0.7018213615612969,0.8290817556180492,0.6138286718918015,0.6885906413391332,0.4777996553833799,0.8490398348454228,0.8271291518027881,0.7571155079016653,0.6397645870202946,0.6251907672619529,0.6172564092960475,0.664007790279908,0.9417130327919432,0.9816967410253561,0.7834412179147676,0.4697274045373945,0.4700729221327174,0.46810401608230057,0.9647529473295539,0.7067131720100615,0.4445877038757285,0.60299044787788,0.7129789927447748,0.4932886553561908,0.592147171888802,0.6718817443995324,0.9712852987381965,0.7146339352742723,0.9157420543445218
1255,0.16708712044723217,0.06508269550093371,0.02436463083451046,0.06583500475348791,0.03394225694085473,0.02680210480278422,0.08075686367984947,0.6010130474643751,0.09981101246365043,0.3118042295206386,0.07559367633085579,0.0356295292699601,0.12395139685651302,0.4489934699719522,0.0909885708485545,0.30143753968893383,0.033067049343498356,0.4401967976619008,0.015505118540111051,0.017476115032649453,0.05486040629503641,0.06037251497234242,0.03498440356822874,0.07344245577009179,0.35660864805330184,0.03759562371232883,0.03770529842517889,,0.041351505868091616,0.035960179371435766,0.12204033289651638,0.07561133086535249,0.15778511774600767,0.07847038678443627,0.06845876482461867,0.298648575243144,0.11152264667769445,0.13662705318986,0.50858457525314,0.08440964099347077,0.15966266711372123,0.058610735667876536,0.07970698270048751,0.03459851256742109,0.18052665084649308,0.15783078402024472,0.1088110352307969,0.06503819068667278,0.061327751258429104,0.05941505339897301,0.07184633779797574,0.3875668368609615,0.6775050967312937,0.12411355324154073,0.03353315837197614,0.03357814147008682,0.03332253532165692,0.5173971174066619,0.08624268713768085,0.030400119906599975,0.056150424976797016,0.08867052004887782,0.03673068377307382,0.053807928461571605,0.07425007857545539,0.5698740856805217,0.08932733860134012,0.2985898910844156
1260,0.8229769861801134,0.617337577557683,0.3665852760031276,0.6202385318971031,0.4488048731312797,0.38958788778215514,0.6706120328808447,0.9721519754584321,0.7198536900752508,0.9130426130500963,0.6545913863901442,0.4612681089568915,0.7662990409896625,0.94970873169594,0.6987680777892353,0.9090921757801442,0.44212810882553333,0.9479796862473219,0.2673917470104117,0.29188897797968716,0.5735919351377912,0.598234115547206,0.45656482606055315,0.6475045754464102,0.9277713123479335,0.47514927448850597,0.4759041961208973,0.9586484941319083,,0.46379433506565365,0.7632163623029339,0.6547799881535913,0.8128814230383747,0.6638123965243924,0.6301906890717126,0.9080372911943662,0.7442853543106284,0.7858437426144387,0.9599973760067654,0.6813008411253901,0.8150107645701428,0.590783431056627,0.6675908511782467,0.4538592623690261,0.8362874659119449,0.8129336810617263,0.738985066916057,0.617302138038611,0.602384359436119,0.5942805194820375,0.642211615446804,0.9362009787346215,0.9798850818865522,0.7666702801560502,0.4458461507760657,0.4461888829295851,0.44423615344205886,0.9613302512683096,0.686378864860873,0.420969903026887,0.579741244676849,0.6928903266100437,0.4692695976780116,0.5687171485875258,0.6503273737148616,0.968476205360389,0.6946114858542743,0.9080138912757516
1261,0.8431630016683134,0.6510295018690699,0.40093051967595594,0.6538182680159988,0.4849555680344847,0.4246434470135846,0.7018785141479829,0.9758271385428615,0.7482010454028445,0.9239079833286483,0.6866680612314204,0.4975165693017477,0.7913091754498653,0.9562123684353301,0.7284441617086068,0.9204081262646708,0.4782075892213282,0.9546962558108386,0.2967981817391896,0.32280242811347726,0.6086940941019334,0.6326070336356617,0.4927817616816087,0.6799175639277569,0.936923463195789,0.5114529701146766,0.5122092810070878,0.9640398206285642,0.5362056649343463,,0.7884442398097424,0.6868203303553787,0.8339689090130964,0.6954044001272766,0.6633398042298552,0.9194635568320576,0.7709248302367416,0.8092632984345611,0.9652149734808712,0.7119625317006898,0.8359067240176787,0.6253650108402059,0.6989887961171793,0.4900235185972006,0.8552070348061216,0.834016480311957,0.7660031124740423,0.6509666903251703,0.6365886336953985,0.6287522808677256,0.674839172844302,0.9443424249453551,0.9825558337994148,0.791630631294405,0.48193534390937404,0.48228167419773194,0.48030798004099867,0.9663800883110318,0.716755115255437,0.4567049982261903,0.6146473013726904,0.7228905208568844,0.5055251723186814,0.6039132696758792,0.6825806353324593,0.97261943949226,0.724510396222765,0.9194428063942672
1266,0.5906086143734102,0.33360970554969105,0.15225014168741602,0.336349295212799,0.20170576245628358,0.16531365534951514,0.3871727575307411,0.9154895338957846,0.44363297965744897,0.7651631015803876,0.37031085675916375,0.20992042456215143,0.5043407843317871,0.8542283638615198,0.4185501170194814,0.756287778175988,0.1973886075951342,0.8497360317852969,0.10173781913538649,0.11340790157527081,0.29449639375234715,0.31603496647315976,0.20679622045881385,0.3630667061214935,0.7994373339848975,0.2193169255045342,0.21983562924412137,0.8779596671034836,0.23678363769706612,0.21155576019025757,,0.37046927190474654,0.5740809758383202,0.37989561976418657,0.3458601740600165,0.7539109464664018,0.47453226633742174,0.5323872229604801,0.8815994016928582,0.398776622493212,0.5775154139342066,0.3093592569751333,0.38390344663863535,0.2049871369517184,0.6131419982044201,0.574164988491543,0.46763994045022733,0.33354191093801583,0.3197520278161128,0.31246247272054617,0.3577035574942877,0.8199148663325426,0.9379439423236235,0.5048205384609985,0.19976081624428976,0.1999826450143091,0.19872079066246678,0.8852321851480052,0.4044210449766737,0.1840546537089806,0.29972447120062556,0.4117696059717122,0.21527817678883424,0.2903463630509014,0.36590083712896226,0.9050517185985387,0.41373320784880385,0.7538589597369887
1272,0.7102830880065805,0.4596811425666578,0.23383472017360107,0.4627371246394083,0.30040083874137946,0.2518190651033466,0.5177588577148508,0.9484785499655923,0.5753826323662421,0.8470275257630235,0.49984848351948186,0.3110687063443782,0.6335881063097634,0.9087473188382684,0.5502174342020377,0.8406016210177564,0.29475124169475464,0.9057497535725416,0.16140847279035064,0.178562592963882,0.4149916494698447,0.43984859866862736,0.3070241175831744,0.49205043289718275,0.8713623986274821,0.32314103937761907,0.32380344831974117,0.9243886691346475,0.3452200118464087,0.3131796696446213,0.6295307280952535,,0.6960877141045194,0.5100546562943562,0.4732577382216949,0.8388634925991477,0.6054571801656957,0.6592482287989972,0.9267550047302312,0.5298769177992586,0.6990540757920362,0.4321949943615417,0.5142967824991449,0.3046618656319211,0.7292368623133256,0.6961603980554666,0.5988303460632701,0.459589983024226,0.44406108836792196,0.4357529577115787,0.4862209854255485,0.8855414123955644,0.9625243288083242,0.6340191357508886,0.2978463314516756,0.2981365018265674,0.29648483798812864,0.929113718521135,0.5357235016240204,0.2770986286853961,0.4210669702697094,0.5432815616929068,0.3179556200326994,0.41011569699582745,0.4950932440370446,0.9418530090251975,0.545290943319471,0.8388256155855759
1274,0.5170019297735975,0.27084260846110975,0.11758419476672799,0.27327813293579595,0.15787628561087974,0.1281228029597279,0.3191545096003784,0.8893516511649862,0.3717121723097462,0.7073917265497285,0.30378645170975205,0.1646741637973368,0.43018794078094,0.8130132011975093,0.34815111935680165,0.6971970624883144,0.1543158832846252,0.8075368901546596,0.07752134943417377,0.08668167980582142,0.23647685505666227,0.25530764659169247,0.1620852043164961,0.29722939307789953,0.7473131677682036,0.17248750390722278,0.17291998415996634,0.8422148822539923,0.18711857696162526,0.1660310909869036,0.4259190241616798,0.3039122858954806,,0.31244030312376375,0.2817028589208754,0.6944139466936345,0.4011434198392794,0.45784694237832885,0.8466961555088119,0.32975152780336126,0.5034595002063882,0.24939145844506388,0.3160992492807615,0.16054817831887588,0.5403607180643563,0.5000302173390646,0.39451673359241185,0.27072394741333,0.25852375064584887,0.25211271926337164,0.29233109241357497,0.7715399091323404,0.9181075773893295,0.4305858758809742,0.1562322128935041,0.1564151524043346,0.15537481096302733,0.8512191164026323,0.3349632700313625,0.1433354687510342,0.2409726819780536,0.3417739946338161,0.169082717827003,0.2328216850180471,0.2997293634352016,0.8760902686918497,0.34359878193225935,0.6943544866977527
1276,0.7019386047574541,0.44971080373671857,0.22670758510015077,0.4527560440947662,0.2920181076636533,0.24431857578426663,0.507712501154973,0.946477652136635,0.5655293846626723,0.8417440488102916,0.4897966820967038,0.3025170116899636,0.6242033685409453,0.9053573777558068,0.5402468336128948,0.8351393990476511,0.28646161009741455,0.9022604329398138,0.15603925751806613,0.17274029270064784,0.4052635920283335,0.4299661144701601,0.29853543148476613,0.4820043213070382,0.8667872320552363,0.31440892296049505,0.3150617639150809,0.9215296132155637,0.3361876034756076,0.30459559987272344,0.6201043802358135,0.4899453437056438,0.6875596968762363,,0.463255995659496,0.8333594376233254,0.5958218406593635,0.6501675179006231,0.9239810620410626,0.5198595400324784,0.6905361985967586,0.42236521390696763,0.5042580183269686,0.2962194623078003,0.7212325993977492,0.6875972204880463,0.5891429903405612,0.44963052654440694,0.43416778943676343,0.4259029538177927,0.476192951759612,0.8814063599585105,0.9610481090723979,0.6246488936428777,0.2895141555255285,0.28979955876592634,0.28817511780383187,0.9264220131585121,0.5257191950158279,0.2691244018583532,0.41130694747114077,0.5332982380003505,0.3093087041331904,0.40043393998321336,0.4850549801421486,0.9396136021896561,0.5353139738425094,0.8333205238898569
1277,0.7318132361394297,0.48636738839023497,0.2535626078807456,0.4894400762973118,0.32337437172168815,0.272524538292059,0.5444195151045027,0.9534670118641106,0.6013106653628644,0.8603929592554458,0.5265939622149065,0.3344680375411585,0.6580740729317143,0.9172470436359815,0.5765512279119063,0.8544320076016194,0.317488790073283,0.9145024176842719,0.17643309017170405,0.1948130439647776,0.44120197554213747,0.46637728383548593,0.3302650557461335,0.5188114786747214,0.8828956086397934,0.34699109653644744,0.34767728269249043,0.9315412351753813,0.3698093109282874,0.33666019577014483,0.6541398259399835,0.5267422617783051,0.7182971410791246,0.5367440043405041,,0.8527825104240347,0.6306610068167149,0.6828159807578053,0.9336821351512745,0.5563712267731116,0.721033706599207,0.45856926897972383,0.5409083867026611,0.3277457835368527,0.7498010686672582,0.7182661944163325,0.6241947429670247,0.4862045088075134,0.4705593794762869,0.4621676266832535,0.5129139773771922,0.8959286040490041,0.9661919900217878,0.6584277348658314,0.32065198157915015,0.3209542140665241,0.31923363664806576,0.9358332193550681,0.5621605793782057,0.29899212695391403,0.4472971212905452,0.5696340001880557,0.34155202605817414,0.4361776276964143,0.5217786521044299,0.9474332406145541,0.5716188612000155,0.8527473309067858
1286,0.32016239279308556,0.14046764400387568,0.0553797855269359,0.14195903529531606,0.0761971396389336,0.06072693259206274,0.17097689241745662,0.7795551713330198,0.20653523248045869,0.5154176748020948,0.16105611133883224,0.07981137220013856,0.24933839606858454,0.6567061261155819,0.19027324487798203,0.5032315341553483,0.07431619793731048,0.6486304631672926,0.03565463231028054,0.04008273220927949,0.11992372535179485,0.1310665340643039,0.07843132987186607,0.1568855856558502,0.5654409094620477,0.0840031231597117,0.08423632928913849,0.701351424756856,0.09196270880563384,0.0805364431679424,0.24608905353359822,0.16113650740085228,0.30558605330636546,0.16664056237667457,0.14721748957596525,,0.2276451215571997,0.27091869548391595,0.7084704453965274,0.17795533278318745,0.308505642204037,0.12754814587042132,0.16900301066563206,0.07762172313979951,0.3409287400312954,0.3055870330153002,0.22281814051014626,0.1404079554897625,0.13300936416046324,0.1291686891414674,0.15380784775542333,0.5977439792927493,0.8314522842864012,0.2496622793365525,0.07533498022739103,0.07543166183305582,0.0748821414731657,0.7157021946006422,0.18141730870798775,0.06857346549999457,0.12257081833614629,0.18597909957261716,0.08217955109810579,0.11780322556658115,0.15848551583633347,0.7567535889860827,0.18720865205026782,0.4999008899163407
1293,0.6150320591485503,0.3566643727259935,0.16589166111215792,0.3594911535998617,0.2186356653403948,0.17987730215192677,0.4116424601965809,0.9230562796585672,0.46894049938876914,0.7829991267942245,0.3944007220164949,0.22734345757996288,0.5298135875943917,0.8664802273480036,0.44356753617221933,0.7745993187547903,0.21405331704565977,0.862304606283659,0.11144845408097703,0.12407855588720762,0.3161303471746557,0.33849202134282297,0.22403347755348135,0.38697492597662797,0.815298577861961,0.23728562549925303,0.23783387997617722,0.8884773533223056,0.25571464568937163,0.22907516976325837,0.5254677336625783,0.3945428198343043,0.5988565801607206,0.4041781593406365,0.3693389931832851,0.7723548784428003,,0.5575734907129791,0.8917993121509111,0.4233647756542847,0.6020877230321161,0.3314737324468392,0.40819717095921393,0.22203929394234473,0.63694483584583,0.5987967889430519,0.49299245661364427,0.3564927673505229,0.34224127789932596,0.33469127857194775,0.38136560765593586,0.8344307504363684,0.9436004404318209,0.5301813041477315,0.21649660696040543,0.2167319870069512,0.2153929015515708,0.8951563585280704,0.42910882981762644,0.19980313572310612,0.3214707924905571,0.43657715125399466,0.23293558245508866,0.3117151396133131,0.38977607382022283,0.9134296644495492,0.43857085128769807,0.7722201352656901
1308,0.5589309816808663,0.3054323915678382,0.13625869394712464,0.30804755372928394,0.1816327319344614,0.14818994472566227,0.35689431522412707,0.9049026489840953,0.411906908775153,0.7410706075622824,0.3406181476441569,0.18922367506167648,0.47195603327102287,0.8373307300666567,0.3873689125398636,0.7316041330124667,0.1776495969275116,0.8324198116997626,0.09048559447726223,0.10101010478963868,0.2682926222529791,0.28869896655821203,0.18633485085064672,0.33364708214437633,0.7778401907502855,0.19792582789655544,0.19840679748087853,0.86337294681014,0.21415625738556132,0.19073670156543887,0.46761277703951987,0.34075177120100275,0.5421530576216711,0.3498324820993769,0.31718401924219475,0.729081304516084,0.4424265092870209,,0.8673896633712306,0.3681513346559138,0.5456206350000036,0.28237579875162827,0.35374832323217653,0.18467312116419407,0.5819900586550566,0.5422177699251854,0.4355573964181348,0.30538182531033875,0.2922456587829622,0.28532016241053393,0.3285090720627891,0.7999817194752404,0.9299591068005028,0.47245094212971633,0.17984755911089298,0.18005225017570167,0.17888803305333842,0.8713948317225512,0.37363166393788083,0.16538349864521423,0.27324890140325214,0.380778450810236,0.19419343813320308,0.2643864318357196,0.33638770921626504,0.8933159873460239,0.3826904127426941,0.7290306165318333
1313,0.16231424172702125,0.06300319065773774,0.023553362280657186,0.06373310096331974,0.032822811184727296,0.02591183127055119,0.07821844209773876,0.5926648624073771,0.0967366920958157,0.3044083013458436,0.0732046242491321,0.03445642056518905,0.12023283107239247,0.4404259748843673,0.08815938113388655,0.29418239436458304,0.03197551330487791,0.4316656576217781,0.014984314277899036,0.016890242424084878,0.0530889742953754,0.05843410211833988,0.03383179057706687,0.07111616021839684,0.34868843335629995,0.036360221696230544,0.0364664290261143,0.49141542474685995,0.04000262399323462,0.03478502651912885,0.11840059830714178,0.0732449952697688,0.15330384449118806,0.07601893795893744,0.06631786484872548,0.29152955460347263,0.10820068784908887,0.13261033662876942,,0.08178353053521797,0.15509190404971643,0.05673752947005568,0.07721484044649246,0.03346545841817298,0.17548332970065877,0.15330289633128769,0.10551324738424295,0.06297330376692789,0.05937318564792988,0.057517711719430854,0.06958138641726745,0.3794175053084307,0.6699281021818781,0.12041464928548852,0.03243382098678703,0.0324773789337776,0.032229872648378795,0.5087857762196307,0.08356475281254362,0.029400370221922857,0.05435131078072888,0.08592428767143273,0.03553037376787875,0.052079728698538524,0.0719152208300585,0.5614053595853022,0.08656269599526799,0.29142121256021586
1314,0.6850591387176812,0.43014357436342376,0.2130861200089117,0.43316061209867507,0.27587246222491635,0.22995363202274088,0.4878589590126676,0.9423084480868082,0.5459221636039422,0.8308742807724618,0.46997489321259434,0.28602539889811873,0.6053964491926289,0.8983291284794814,0.5204661135165264,0.8239108915720565,0.27050580081434683,0.8950288667866417,0.14586290782133704,0.16168342096899957,0.3862727797723261,0.4106169398115316,0.28217306182917123,0.46221219532855196,0.8573460383621032,0.297545583780372,0.29817863843870307,0.9155903590065292,0.31869915887460987,0.2880374682993102,0.601223377506788,0.4701230822007414,0.6702484721966387,0.48014045996752164,0.44362877322688843,0.8220446672168126,0.5766352243457153,0.6318486653440862,0.9182164694647821,,0.6732732939886674,0.40307437327479595,0.4843632225679031,0.2798983335113627,0.704950396176002,0.6702486590065878,0.5697481481723888,0.4300214525249435,0.4147249172088179,0.40656426001000595,0.45638605969766305,0.8728299865020384,0.957956483058814,0.6058086802028878,0.2734189450796408,0.27369459383702005,0.2721258372224163,0.9208085629236974,0.5058416493556065,0.2537578783942161,0.3921782650071907,0.5134443553400935,0.2925661873954553,0.38148324526227584,0.4652068503974826,0.9349358890902876,0.5154679324833789,0.8219691024935774
1323,0.513489974043769,0.26807471856600584,0.1161330828718008,0.2704945864729773,0.15601584304083993,0.12656028708114464,0.31610693560783587,0.887960385084027,0.3684343124339907,0.704472804463983,0.30082078745283447,0.16274909539239524,0.4267446681651599,0.8108662023347532,0.3449669505573886,0.6942204032096525,0.15248979976541777,0.8053420669015361,0.0765217797977572,0.08557495280307503,0.2339474856733984,0.2526435086517046,0.1601845975011188,0.29430068202397175,0.7446487290718691,0.17048973856636596,0.1709182443819508,0.8403373328862788,0.18498923542985724,0.16409327598232126,0.4224845860657934,0.30094592420796384,0.4965404997936118,0.30946380140324137,0.27896629340079304,0.691494357795963,0.3979122769678839,0.4543793649999964,0.8449080959502836,0.3267267060113326,,0.24679483994108492,0.3130977954961985,0.1586810277090585,0.5369015602659729,0.4965503266709931,0.39119659826941444,0.2679845172922611,0.2558644601530309,0.24949718527427356,0.2894598031469422,0.7690770545502363,0.91705489435802,0.42717634988309194,0.15440602377466978,0.15458721668828215,0.1535568200447434,0.8494476117241531,0.3318696163454629,0.14163472416360517,0.2384358741137361,0.3386494696140577,0.16713607372612832,0.2303446450769519,0.2968158862066606,0.8745712637422196,0.3404662034774402,0.6913923766995276
1326,0.7630856685362536,0.5277928253245604,0.28620836413336337,0.5308567370482171,0.3606653607934819,0.30660880868444973,0.5851564283658826,0.960295378093799,0.6403213551378413,0.8791481026956642,0.567659012130826,0.3723343531949511,0.6943537880034902,0.9289946053561329,0.6164392190632979,0.8738705648898224,0.3544566151140425,0.9266084298577514,0.20183366336122577,0.22214597495281085,0.48239344500361625,0.5077833312271463,0.36791858715647296,0.5599875242347137,0.8989826250434148,0.3854540610041227,0.38617132810819854,0.9413892643321234,0.409216568943373,0.3746349891597941,0.6906407430248667,0.5678050056384583,0.7506085415549362,0.5776347860930324,0.5414307310202762,0.8724518541295787,0.6685262675531608,0.7176242012483718,0.9432624705299443,0.5969256267252041,0.7532051600589151,,0.5817398953476934,0.3652895656500172,0.7796231104120243,0.7505967260738787,0.662244178587284,0.5276527093152689,0.5120029267989005,0.5035750663164569,0.5541831952810043,0.9104142425253741,0.971211956849868,0.6947063841054193,0.3578156774042463,0.35813447245880126,0.35631916684360765,0.945104878871581,0.6024909892284576,0.3348829253428778,0.48858256024931834,0.609753892026325,0.37978386564536853,0.47732309213443014,0.5629367994703993,0.955109178330638,0.6116798568763286,0.8723872504548652
1344,0.6983741772171992,0.44551275940085455,0.22374485092130814,0.44855274417615476,0.2885203120315719,0.2411974778469239,0.5034683885050736,0.9456110024968366,0.5613530777704312,0.8394691573373476,0.48555461771986275,0.2989465607600491,0.620212300371787,0.9038925065631805,0.5360268847400336,0.8327884270964421,0.28300376569994634,0.9007528821271579,0.15381635383390435,0.1703274861871058,0.40117797648798326,0.4258097638514764,0.2949920981499107,0.47776654759705195,0.8648145154035282,0.3107606521492471,0.31140935866086683,0.9202930172995125,0.3324091488217533,0.30101120388282065,0.6160965533613647,0.4857032175008551,0.6839007507192385,0.4957419816730314,0.45909161329733894,0.8309969893343679,0.5918028290407861,0.6462516767678235,0.9227851595535075,0.5156367774320969,0.6869022045038016,0.41826010465230656,,0.2925774590419065,0.7176939017623377,0.6838187320559878,0.5848925978035192,0.4452957659416799,0.42986566823086575,0.4216217048247534,0.4718216437215934,0.8795613880010024,0.9603864461754666,0.6205292262342303,0.28592110064339643,0.2862043886831586,0.28459202460585675,0.9252179364409598,0.5213457507054872,0.2656897675367003,0.40706838586433197,0.5289320589091647,0.30557564444701907,0.39623200999132985,0.4806769737137301,0.9386110960937593,0.5309500666410444,0.8308710210174048
1345,0.8483819255935616,0.6600642481412005,0.4105780001205842,0.6628182080057203,0.49495443883887247,0.4344477252683686,0.7101828420580681,0.9767532301664762,0.7556642237681814,0.9266736954090932,0.6952120963136773,0.5075192240708,0.7978398814556648,0.9578574725319692,0.7362865264036181,0.9232904856268183,0.4881992082385668,0.9563957228994275,0.30521657354218434,0.3316105802609576,0.6181820760196495,0.641856351779674,0.5027844734823909,0.6885621867655976,0.9392472099231899,0.5214450515467968,0.5222003446166201,0.9654014874325789,0.5461407376309739,0.5099764814027994,0.7950128630482816,0.6953381343680789,0.8394518216811241,0.7037805376921997,0.6722542164631473,0.9223782768602005,0.7779607060576552,0.8153268788358059,0.9665345415818271,0.7201016664886373,0.8413189722909415,0.6347104343499828,0.7074225409580934,,0.8600539608199319,0.8394395806602374,0.7730436746777667,0.659931874351108,0.645722137421619,0.6379707281155585,0.6834893136432565,0.9463925900632353,0.9832234020149312,0.7981033425499422,0.4918530809388398,0.49219976705587043,0.490223917349105,0.9676463003457546,0.7247450003140318,0.46657112741342727,0.6240065455541476,0.7307723445074878,0.5154453637665516,0.6133692270224903,0.6911190951428086,0.9736570672544946,0.7323632038487978,0.9223347253381825
1350,0.47652135844365695,0.2400565738873376,0.1017868587247619,0.2423072552479898,0.13750929678628254,0.11108785650264197,0.2850235725937871,0.8723744251927614,0.3347238854865898,0.6727682285842056,0.27064569228808777,0.1435797282967325,0.39100206529364545,0.7871266364030025,0.31234181233760916,0.6619437418366685,0.13433493843175504,0.7810963116760906,0.066699579722579,0.0746846821768804,0.2084802146806215,0.22574075106439262,0.14126632393983796,0.2645321646478973,0.7155137294409911,0.1505726085358191,0.15096016515457722,0.8194733491535069,0.16371253408805508,0.1447929651938784,0.38685800179557994,0.27076313768667437,0.45963928193564374,0.2787674006022508,0.25019893133274185,0.6590712599687045,0.36305516415417005,0.4180099413449434,0.8245166702993412,0.29504960382399803,0.4630984397340271,0.22037688958797574,0.2823060982376623,0.1399460391800681,,0.4596110085279746,0.3565442335848688,0.23994477874642714,0.22869667208170427,0.22280305060127828,0.25997107322290613,0.7417333542060301,0.9050705143869611,0.39138579824954295,0.1360416486347884,0.13620476248926602,0.1352772875006544,0.8295109624839576,0.29988385476935453,0.12456555105160834,0.21258997483779002,0.3063098398703339,0.14752178357980172,0.20513956329483699,0.26685920935873303,0.8574030752671442,0.30803388897103845,0.6589294296323216
1353,0.5169161281199903,0.2707747569323915,0.11754854795218406,0.2732098998770752,0.15783060863865428,0.1280844250053772,0.31907985129535765,0.8893178343953639,0.371631930290927,0.7073205997796155,0.30371378472268074,0.164626904538536,0.4301037169461154,0.8129609602774851,0.34807314575031456,0.6971245186348469,0.15427104770562772,0.807483481538497,0.07749678141347849,0.08665448140458132,0.23641482144225323,0.2552423245477762,0.1620385439258173,0.29715762511032595,0.7472482777772858,0.17243846521395056,0.17287084819721188,0.8421692159797552,0.18706631893827375,0.16598351968804304,0.42583501150845704,0.3038396019445334,0.4999697826609354,0.3124027795119537,0.28173380558366745,0.6944129669846998,0.4012032110569481,0.45778223007481456,0.8466971036687123,0.3297513409934122,0.5034496733290069,0.24940327392612127,0.31618126794401225,0.16056041933976262,0.5403889914720255,,0.3944398745681893,0.27066042476132696,0.25846207609686456,0.2520520542499628,0.29226453167414546,0.771483187499979,0.9180833817136498,0.43050698617302985,0.15618980101368946,0.15637270006619167,0.15533258899045194,0.8511783615227481,0.3348915960069029,0.14329596333390296,0.24091383406641556,0.341701612068061,0.1690375163314537,0.23276421723479648,0.2996618314906913,0.8760553346478336,0.34352621459770954,0.6942861949127824
1355,0.6215603950027824,0.36303647078195656,0.16975478903037056,0.36588503190896005,0.2233980845336887,0.18399427237963317,0.41835804816299427,0.9249980980576559,0.475834860540572,0.7876624575351692,0.4010267502554481,0.2322391774721917,0.5366984458427482,0.8696482172307346,0.45040524319175357,0.7793923021803247,0.21874386474830687,0.8655562976923217,0.11421736742033417,0.12711637026236644,0.32214089114470834,0.34471341763052676,0.22887903320664038,0.393557272956197,0.8194278695387341,0.2423282967032797,0.24288449209833474,0.8911889647692031,0.26101493308394297,0.2339968875259577,0.5323600595497726,0.4011696539367299,0.6054832664075882,0.41085700965943883,0.3758052570329753,0.7771818594898537,0.5070075433863557,0.5644426035818653,0.894486752615757,0.43025185182761116,0.6088034017305856,0.337755821412716,0.4151074021964808,0.2269563253222333,0.6434557664151312,0.6055601254318107,,0.3630251382095483,0.3486539932113832,0.34103587472749075,0.3880788879209384,0.8383119505773912,0.9450909336706285,0.5372392567153362,0.2213460670795344,0.22158522845217746,0.2202245879644918,0.8977884246732755,0.436070130072543,0.20437620603514128,0.3276882104625992,0.44356547295914533,0.23804139690685513,0.31783225807683485,0.3965425051483255,0.915646214314258,0.44556584862857607,0.7771702148280061
1361,0.7424542526299021,0.5000945513808264,0.2640975925125024,0.5031690059909848,0.3355061656959254,0.2835480796667582,0.5580051326197524,0.9558439836679125,0.6144013652757596,0.8668604015647563,0.5402622622226663,0.3468027057526082,0.6703228328739677,0.9213215106506634,0.5899004413265716,0.8611310265607163,0.32950730804631057,0.9187000427823007,0.18455583375376738,0.20357281153243567,0.454783084782573,0.4800675774394808,0.34252449691277764,0.5325049962314343,0.8884557400509867,0.3595381024294564,0.3602354129797054,0.9349618093133272,0.382697861961389,0.3490333096748297,0.6664580890619842,0.540410016975774,0.7292760525866699,0.5503694734555931,0.5137954911924866,0.8595920445102375,0.6435072326494771,0.6946181746896612,0.9370266962330721,0.5699785474750565,0.732015482707739,0.47234729068473114,0.5547042340583201,0.340068125648892,0.7600552212535728,0.7293395752386731,0.6369748617904517,,0.48439108289095273,0.47597441996874323,0.52675200306932,0.9009858212460742,0.9679569624503516,0.6707851694873626,0.33284748878692455,0.33315557904477,0.33140151467786233,0.9390831685864277,0.5757567359622199,0.3107406489269749,0.46104048563894334,0.5831701613886409,0.3541280712485173,0.4498574186556621,0.5355928606515203,0.9501269771920426,0.58513806011678,0.8595739978419727
1362,0.7542606874152958,0.5157650455774027,0.27646275334259174,0.5188358520546283,0.34962627083086895,0.2964570545956243,0.5734088132895988,0.9584160780024791,0.6291458548936764,0.87393216761293,0.555792045614296,0.3611398518049941,0.6840286869028231,0.925748330689411,0.6049794517980799,0.8684609329579451,0.3435054568551278,0.9232620737567945,0.19417949935594403,0.2139279653672741,0.4703696911545836,0.4957328336257728,0.35678138292950734,0.5480776262009308,0.8945200335872655,0.37410020761765916,0.3748092327380471,0.9386722487415708,0.397615640563881,0.36341136630460147,0.6802479721838872,0.5559389116320781,0.7414762493541511,0.5658322105632365,0.5294406205237131,0.8669906358395367,0.657758722100674,0.7077543412170377,0.9406268143520701,0.5852750827911821,0.7441355398469691,0.48799707320109953,0.5701343317691343,0.354277862578381,0.7713033279182957,0.7415379239031354,0.6513460067886168,0.5156089171090472,,0.49159077880666563,0.5423102316299933,0.9064265058550379,0.9698408619094313,0.6844448780515979,0.3468763823706903,0.3471907003491738,0.34540101592575656,0.9425639093284358,0.5909549621560243,0.3242906932735605,0.47661251261518306,0.598288105431553,0.3685584021637875,0.46537787762925165,0.5511081281814042,0.9530082602206086,0.600233557613749,0.8669541827451497
1371,0.7604571048665455,0.5241814991443134,0.2832584674738089,0.5272478544711985,0.35733222608190107,0.3035380624770261,0.5816360597974617,0.9597394138753705,0.6369786966534481,0.8776007016675127,0.5641007695779217,0.3689556120031571,0.6912711685990616,0.9280331983021746,0.6130087515159597,0.8722654077805834,0.3511493444139647,0.9256173010735788,0.19951033152412856,0.21965317155451858,0.4787777964025829,0.5041627398796256,0.3645566431001168,0.5564154815346628,0.8976596239095195,0.38202872782199127,0.3827435907039525,0.940584946601027,0.40571948051796247,0.3712477191322744,0.6875375272794538,0.5642470422884214,0.7478872807366284,0.5740970461822072,0.5378323733167465,0.8708313108585326,0.6653087214280522,0.7146798375894661,0.9424822882805691,0.5934357399899941,0.7505028147257264,0.4964249336835431,0.5783782951752465,0.36202927188444145,0.7771969493987217,0.7479479457500372,0.6589641252725092,0.5240255800312568,0.5084092211933344,,0.5506365144136048,0.909237403848003,0.9708081755146121,0.6916556222747376,0.35452633660376764,0.3548438203698902,0.3530360203146821,0.9443558990540049,0.5990505718347331,0.33169551217495696,0.48499898086411614,0.6063352622091228,0.3764109461619552,0.4737455960359445,0.5594043920907066,0.9544901227213335,0.6082672596781729,0.8707817735366883
1388,0.7214972268711559,0.4734038344480246,0.24385816934418347,0.47647059685862325,0.3121152841400324,0.26234944913952374,0.5315098160075002,0.951107456099027,0.5887954372023493,0.8540363808152517,0.5136304036636767,0.3230070857780073,0.6462925641847963,0.9132180394604386,0.5638225574590682,0.847852011068797,0.3063418457670156,0.9103528456721348,0.16901218924267025,0.18679441115782291,0.428438097043931,0.4534761327562511,0.318879119208756,0.505834796217884,0.8774176435272238,0.33531723087292664,0.335992209720092,0.9281536622020242,0.35778838455319595,0.32516082715569805,0.6422964425057123,0.5137790145744515,0.7076689075864251,0.523807048240388,0.48708602262280776,0.8461921522445767,0.6186343923440641,0.6714909279372109,0.9304186135827326,0.543613940302337,0.7105401968530578,0.44581680471899565,0.5281783562784066,0.3165106863567435,0.7400289267770939,0.7077354683258545,0.6119211120790615,0.47324799693068,0.45768976837000674,0.44936348558639516,,0.8909663353019405,0.9644470295471965,0.6466079052537657,0.30940321908419416,0.3096996824670509,0.3080120715513089,0.9326305838781447,0.5492898244588239,0.28818088294070077,0.4344467439756399,0.5568097381894178,0.3299261468308898,0.42340198375549576,0.5087581437744157,0.9447754094344284,0.5588079355048114,0.8460798446172052
1389,0.24063237779001934,0.0990699607436385,0.037951408392493335,0.10017304394821824,0.05258208622283034,0.041690041850170334,0.12186251933425596,0.7040973217589195,0.1490428209138639,0.4171461626120746,0.11439830462103118,0.055143055898322024,0.18267413398156118,0.5627818321498201,0.136528711395701,0.4053399701052173,0.051251745746755506,0.5539972601558696,0.024274368034078453,0.02732915882509135,0.08398898780042374,0.09214246925803948,0.05416445324414776,0.11127572365183525,0.46681979244119,0.05812104172607657,0.05828696720805682,0.6124331631390385,0.06379902126537851,0.05565757505464486,0.18008513366745738,0.11445858760443561,0.22846009086765962,0.11859364004148953,0.1040713959509959,0.40225602070725075,0.16556924956363162,0.20001828052475956,0.6205824946915692,0.12717001349796164,0.23092294544976366,0.08958575747462594,0.12043861199899764,0.053607409936764716,0.25826664579396985,0.22851681250002098,0.16168804942260884,0.09901417875392582,0.09357349414496208,0.090762596151997,0.10903366469805953,,0.7684982169827362,0.18294533151563108,0.051976316832516675,0.05204470823586265,0.051656043170288525,0.6288152313248978,0.12978299506007082,0.047204277511183,0.08592705554957959,0.13325778724576984,0.05682906469272253,0.08245084662474414,0.11248112340385354,0.6767461624002541,0.1341962475729832,0.40215335084697945
1394,0.08713758340050282,0.032062432406060104,0.01174353244616444,0.03244629768197438,0.016443480212000816,0.012935113103294205,0.04012548518889325,0.4175120080205361,0.050115531368951416,0.177353594416493,0.037454218651184035,0.01727644313509613,0.0630787529929453,0.279403672855571,0.045463895748876104,0.1703505401986034,0.016012003319016643,0.27228769082701454,0.007438338056998228,0.008392634488911477,0.02687740929284399,0.02966617235140312,0.016957783957308625,0.03634568447009312,0.2086970172776671,0.018248949408462334,0.01830325897464391,0.32249490326870633,0.02011491811344779,0.0174441662005852,0.06205605767637645,0.03747567119167583,0.08189242261067053,0.038951890927602095,0.033808009978212206,0.16854771571359883,0.0563995595681791,0.07004089319949725,0.33007189781812185,0.04204351694118602,0.08294510564197999,0.028788043150131948,0.039613553824533354,0.01677659798506881,0.09492948561303893,0.08191661828635022,0.054909066329371536,0.032043037549648434,0.030159138090568693,0.02919182448538793,0.03555297045280348,0.23150178301726376,,0.06315585360678122,0.016238730744092135,0.016260904546388885,0.016134921155350455,0.33776831539772373,0.04297250662875723,0.014696957095699719,0.027523535589397182,0.04424120996973673,0.017817563256925465,0.026341971531070457,0.03675487191943878,0.3866218855840882,0.04458502344760162,0.16841623053557314
1395,0.585955990223356,0.32935289404794077,0.14978729724170547,0.33207494656523473,0.1986303534495627,0.1626800429448927,0.3826249133176828,0.9139914129204372,0.4388969090007272,0.7616938081538867,0.3658428375201451,0.2067522051017896,0.49953851584926745,0.8518200385348778,0.4138826231885986,0.7527297395697413,0.19436299599274387,0.8472667577309614,0.09999569660452279,0.11149074776581813,0.2905210822660248,0.3118974475541836,0.20366299836477764,0.35863631078206504,0.796339610242969,0.21604566899003452,0.21655878208523238,0.8758864467584593,0.2333297198439498,0.20836936870559497,0.4951794615390015,0.36598086424911136,0.5694141241190258,0.3753511063571223,0.3415722651341686,0.7503377206634475,0.46981869585226854,0.5275490578702837,0.8795853507145115,0.3941913197971122,0.5728236501169081,0.3052936158945807,0.37947077376576965,0.2018966574500578,0.608614201750457,0.5694930138269702,0.46276074328466377,0.32921483051263745,0.3155551219484021,0.30834437772526235,0.35339209474623434,0.8170546684843689,0.9368441463932188,,0.1966829606317458,0.19690221251143553,0.19565504155809174,0.8832499033001329,0.3997651204125093,0.18116400919940534,0.2956754880902428,0.4070869064875133,0.212024580708166,0.28637226046970465,0.3614192672399148,0.9033743960771329,0.40904370609688745,0.7502477689232793
1397,0.8525000077057453,0.6672913129208375,0.41843587090925105,0.670015993799479,0.5030489464530282,0.44241953046897586,0.716801541462313,0.9774771973560998,0.7615929254321101,0.9288436570256716,0.7020292418059699,0.5156094336210064,0.8030119842051759,0.959145290888209,0.7425252128376989,0.9255525238355714,0.4962918010260201,0.957726238927215,0.31212578901641486,0.3388259037303246,0.6257947611773824,0.6492648258013296,0.510877502425807,0.6954629154374449,0.941068743623469,0.5295185661874913,0.5302725954626055,0.9664668416280239,0.5541538492239343,0.5180646560906259,0.8002391837557102,0.7021536685483244,0.8437677871064959,0.7104858444744715,0.6793480184208498,0.924665019772609,0.7835033930395946,0.820152440889107,0.967566179013213,0.7265810549203592,0.8455939762253302,0.6421843225957538,0.7140788993566036,0.5081469190611603,0.8639583513652116,0.8438101989863105,0.7786539329204656,0.6671525112130754,0.6531236176293097,0.6454736633962324,0.6905967809158058,0.9480236831674833,0.9837612692559079,0.8033170393682542,,0.500277341359569,0.49830088506403963,0.9686427717132524,0.7311440487614801,0.4746212205184539,0.6315569468365044,0.7370821034604914,0.5235111351767863,0.6210035002392784,0.6979740973558937,0.974473294895452,0.7386490127959933,0.92461804375465
1400,0.8523255036037192,0.6669832870095578,0.4180983627804521,0.6697092418426467,0.5027021836169724,0.44207738246696004,0.7165198800915247,0.9774466394460599,0.7613409799909922,0.9287519248898289,0.7017390017028949,0.5152629898281116,0.8027924757476779,0.9590909020160892,0.7422599362718678,0.9254568893929487,0.4959450476191132,0.9576700442798364,0.3118280523176751,0.3385152316654727,0.6254698800953229,0.6489488906305837,0.5105308870533382,0.6951690565857502,0.9409917703982326,0.5291729864147225,0.5299270778672827,0.9664218585299131,0.553811117070415,0.5177183258022681,0.8000173549856909,0.7018634981734326,0.8435848475956654,0.7102004412340737,0.679045785933476,0.9245683381669442,0.7832680129930488,0.8199477498242983,0.9675226210662224,0.7263054061629799,0.8454127833117179,0.6418655275411987,0.7137956113168413,0.5078002329441296,0.863795237510734,0.8436272999338084,0.7784147715478226,0.66684442095523,0.6528092996508261,0.6451561796301097,0.6903003175329492,0.9479552917641374,0.9837390954536112,0.8030977874885645,0.499722658640431,,0.497975605938375,0.9686032270055569,0.7308882046664982,0.4742967856683672,0.631254130434023,0.7368298761167837,0.5231865608791273,0.6206972194276923,0.697699739410386,0.9744409090633649,0.7383977551405588,0.9245273051834918
1403,0.8533178181554707,0.6687369834441812,0.42002303035817845,0.6714556542356117,0.504678536239668,0.44402820413977506,0.7181229573969141,0.9776202653444267,0.7627745109364947,0.9292732992162093,0.7033910637757631,0.517237362429369,0.804041108671235,0.9593999690264543,0.7437695065898714,0.9260004547357776,0.49792143355512253,0.9579893756277646,0.31352709815484214,0.34028778477044563,0.6273200386902149,0.6507478283360205,0.5125062984090598,0.6968417882734778,0.9414292253213831,0.5311422564563122,0.5318959839176994,0.966677464678343,0.5557638465579411,0.5196920199590014,0.8012792093375332,0.7035151620118714,0.8446251890369727,0.7118248821961681,0.6807663633519343,0.9251178585268343,0.7846070984484292,0.8211119669466616,0.9677701273516212,0.7278741627775838,0.8464431799552566,0.6436808331563924,0.7154079753941432,0.509776082650895,0.8647227124993456,0.844667411009548,0.7797754120355083,0.6685984853221376,0.6545989840742434,0.6469639796853179,0.6919879284486912,0.9483439568297115,0.9838650788446496,0.8043449584419082,0.5016991149359604,0.502024394061625,,0.9688394510589624,0.7324188675331819,0.4762410474830151,0.6330669898323928,0.7383388425908581,0.5251310408209232,0.6225309446560142,0.6993415200278867,0.9746343615922627,0.7399009051174381,0.9250694951876334
1411,0.15757491844285942,0.06095260235439892,0.02275557973561204,0.06166031933623095,0.031721260235238025,0.025036212605352937,0.07571265257995108,0.5841219973218835,0.09369795862664376,0.2969910022198239,0.07084711114330211,0.03330193255095837,0.11655126290637952,0.43175157206996384,0.08536461836650822,0.2869114882544149,0.030901489593588738,0.42303335566833533,0.014472474481233899,0.0163143775016259,0.0513433861174708,0.05652325477098885,0.03269752251851488,0.0688209105515507,0.3407206887107329,0.035144267201061674,0.035247052670446144,0.48260288259333806,0.03866974873169038,0.03361991168896816,0.11476781485199483,0.070886281478865,0.14878088359736774,0.07357798684148786,0.06416678064493186,0.2842978053993578,0.1048436414719296,0.12860516827744883,0.4912142237803693,0.0791914370763026,0.15055238827584694,0.05489512112841899,0.07478206355904016,0.032353699654245394,0.17048903751604239,0.14882163847725194,0.10221157532672454,0.06091683141357229,0.05743609067156419,0.055644100945995145,0.06736941612185532,0.3711847686751022,0.6622316846022762,0.11675009669986713,0.031357228286747585,0.0313967729944431,0.03116054894103759,,0.08091295225332122,0.028414101906977393,0.0525733724707303,0.08320440897348633,0.03434574434776877,0.05037214012645262,0.06960502255732494,0.5527357036002807,0.08382446208109957,0.28421905910974593
1412,0.6799697097579683,0.42439596589827033,0.20917423682198433,0.4274029259166775,0.2712051857066057,0.22582095378608302,0.48199244263158625,0.9410182370848471,0.540093755684398,0.8275480425390844,0.46412853806172893,0.2812530684169212,0.5997717734482899,0.8961637471065702,0.5146014808803223,0.8204772928412067,0.2658959794918241,0.8928015842246814,0.14296092124452864,0.158525097816829,0.3807197340029247,0.40494483828401184,0.2774400307615853,0.45637925778419486,0.8544492245941477,0.29265982816945046,0.29328682798993855,0.9137573128623191,0.31362113513912704,0.283244884744563,0.5955789550233264,0.4642764983759796,0.6650367299686375,0.47428080498417213,0.43783942062179426,0.8185826912920122,0.5708911701823736,0.6263683360621192,0.9164352471874564,0.4941583506443935,0.6681303836545371,0.39750901077154244,0.47865424929451283,0.2752549996859682,0.7001161452306455,0.6651084039930971,0.563929869927457,0.4242432640377801,0.4090450378439757,0.4009494281652669,0.4507101755411761,0.8702170049399292,0.9570274933712428,0.6002348795874908,0.2688559512385199,0.2691117953335018,0.26758113246681814,0.9190870477466788,,0.24938487645618573,0.3866558303365339,0.5076404736124357,0.28778231362986145,0.3760182450329706,0.45943336377847,0.933508673257876,0.5096651371884211,0.818544835247937
1417,0.8647914285242879,0.6893932259651241,0.4432770115943545,0.6920204443932737,0.528349720701936,0.46753983415713185,0.7369112028452439,0.979603236990842,0.7795003937421616,0.9352563879380134,0.7227821900216849,0.5408543976109763,0.8185495687014986,0.9629361559884402,0.7614162393122813,0.932240219922999,0.5216094383915832,0.9616435107396625,0.33428337917311735,0.3618817589654151,0.6492041382111837,0.6719755783675734,0.5361472214109584,0.7164885022227463,0.9464432550969055,0.5546647308561017,0.5554122961242716,0.9695998800934,0.579030096973113,0.5432950017738096,0.8159453462910193,0.722901371314604,0.8566645312489658,0.7308755981416468,0.701007873046086,0.9314265345000055,0.8001968642768938,0.8346165013547857,0.9705996297780771,0.746242121605784,0.8583652758363949,0.6651170746571222,0.7343102324632997,0.5334288725865728,0.8754344489483916,0.8567040366660971,0.7956237939648587,0.6892593510730252,0.6757093067264395,0.668304487825043,0.7118191170592992,0.952795722488817,0.9853030429043003,0.8188359908005947,0.5253787794815461,0.5257032143316328,0.5237589525169849,0.9715858980930226,0.7506151235438143,,0.6548374445678405,0.7562680978606064,0.548740611886193,0.6445755534543741,0.7189256669367846,0.9768794527736772,0.7577582432541622,0.9313927212698606
1425,0.7712116326724086,0.5391148440268084,0.2955920665140416,0.5421690178508033,0.37122065554155503,0.31636491746945705,0.5961554454497833,0.9619941046334173,0.6507307620934235,0.883898895178823,0.5787880067011619,0.38302655737034785,0.7039225084499825,0.9319375911941038,0.6271373236442346,0.8788002207780382,0.3649339220369785,0.9296428261429653,0.20926203898775697,0.23010641026013268,0.4937599145709053,0.5191480191599291,0.37856046507936614,0.5711648119613453,0.9030396989415691,0.3962851506091859,0.39700955212211997,0.943849575023203,0.42025875532315105,0.3853526986273096,0.7002755287993745,0.5789330297302906,0.7590273180219465,0.5886930525288592,0.5527028787094548,0.8774291816638538,0.6785292075094429,0.7267510985967478,0.9456486892192711,0.6078217349928092,0.7615641258862639,0.5114174397506817,0.592931614135668,0.3759934544458524,0.78741002516221,0.7590861659335845,0.6723117895374008,0.5389595143610566,0.523387487384817,0.5150010191358838,0.5655532560243601,0.9140729444504204,0.9724764644106029,0.7043245119097572,0.36844305316349557,0.368745869565977,0.36693301016760715,0.9474266275292696,0.613344169663466,0.34516255543215946,,0.6205644976241307,0.390598149328334,0.4887262058922096,0.5741385386948102,0.9570269913298506,0.6224701430036871,0.8773853969919659
1436,0.6733134620053138,0.41698180461861645,0.20418621524182134,0.41997456142885137,0.26523406742047595,0.22054667570193498,0.47440137036132735,0.9393068575373358,0.5325283343138685,0.8231629874035781,0.4565708338729738,0.27514424553717354,0.5924472645909985,0.8932984695841217,0.5069994948178682,0.8159524309850943,0.2600000520144614,0.8898549334018,0.13927376917540069,0.15450889398295975,0.37357338431870146,0.39763574111072264,0.271382756444169,0.4488420472031771,0.8506247337509082,0.2864019741738971,0.28702100725522517,0.9113294799511222,0.3071096733899563,0.27710947914311557,0.5882303940282878,0.45671843830709324,0.6582260053661839,0.4667017619996495,0.43036599981194434,0.8140209004273828,0.5634228487460053,0.619221549189764,0.9140757123285672,0.4865556446599065,0.6613505303859424,0.390246107973675,0.4710679410908353,0.26922765549251215,0.6936901601296661,0.6582983879319391,0.5564345270408546,0.41682983861135914,0.401711894568447,0.3936647377908772,0.4431902618105822,0.8667422127542301,0.9557587900302633,0.5929130935124867,0.2629178965395086,0.26317012388321626,0.26166115740914186,0.9167955910265136,0.4923595263875643,0.24373190213939355,0.3794355023758693,,0.2815961287233127,0.36891780971427435,0.4518985308039025,0.9315980413407777,0.5020716384578413,0.8139889653404435
1437,0.840231749657011,0.6460148961254529,0.39565818587458634,0.6488221194762978,0.47946262614764124,0.4192775269702993,0.6972548067575887,0.9753027260258412,0.744033770803433,0.9223468538906829,0.6819153581214477,0.49201726644852806,0.7876528591637155,0.9552819280227864,0.7240704964180499,0.9187815047165856,0.4727209281159508,0.9537351583339035,0.2922272343669433,0.3180121073494995,0.6034417004317961,0.6274791789995344,0.4872840419227591,0.6751109136978273,0.9356107538006567,0.5059547314564572,0.5067113446438092,0.9632693162269261,0.5307304023219884,0.49447482768131856,0.7847218232111658,0.6820443799673006,0.830917282172997,0.6906912958668097,0.6584479739418259,0.9178204489018942,0.7670644175449113,0.8058065618667969,0.9644696262321213,0.7074338126045447,0.8328639262738717,0.6202161343546315,0.694424355552981,0.4845546362334484,0.8524782164201983,0.8309624836685463,0.7619586030931449,0.6458719287514827,0.6314415978362125,0.6235890538380449,0.6700738531691102,0.9431709353072775,0.9821824367430745,0.787975419291834,0.47648886482321373,0.4768134391208727,0.4748689591790768,0.9656542556522312,0.7122176863701386,0.45125938811380695,0.6094018506716661,0.7184038712766874,,0.5985155767689448,0.6776828210148903,0.9720134612436677,0.7199941604102199,0.9177594517719265
1439,0.7790704514314521,0.5502972870433414,0.30506677261791815,0.5533387527784042,0.38180556436171453,0.3261971258198153,0.6069628888708998,0.9636088287811936,0.6609084288898291,0.888446831725804,0.5897403789016961,0.3937373011874229,0.7132332348720223,0.9347426759462912,0.637619638454981,0.8835215641176113,0.3754466082625756,0.9325356395799765,0.21682133232729173,0.23819186074859566,0.5050324714237246,0.5303929226145807,0.38922510823279965,0.5821723085485779,0.9069168079104517,0.40712199982535646,0.40785282811119805,0.9461920715384284,0.43128285141247424,0.3960867303241208,0.7096536369490987,0.5898843030041725,0.7671783149819529,0.5995660600167867,0.5638223723035857,0.8821967744334188,0.6882848603866869,0.7356135681642804,0.9479202713014615,0.6185167547377242,0.769655354923048,0.5226769078655699,0.6037679900086701,0.3866307729775097,0.794860436705163,0.7672357827652035,0.6821677419231651,0.5501425813443379,0.5346221223707484,0.5262544039640555,0.5765980162445042,0.9175491533752559,0.9736580284689296,0.7136277395302953,0.3789964997607216,0.3793027805723077,0.3774690553439858,0.9496278598735474,0.6239817549670295,0.3554244465456259,0.5112737941077904,0.6310821902857257,0.40148442323105515,,0.585129446269589,0.9588444191318878,0.633010997545512,0.8821563045331533
1458,0.7143076368078555,0.4645626331594458,0.2373715088777476,0.46762298145828207,0.304544247094897,0.25553714512897774,0.5226605043546344,0.9494298313712674,0.5801734947378401,0.8495548605624879,0.5047580472123426,0.31529294279325915,0.6381352676810157,0.9103628607252496,0.5550726721736752,0.8432154701881523,0.29885001280168677,0.9074129576005681,0.16408440955228332,0.1814613829314109,0.41976725759588707,0.44469281575524966,0.3112182411482953,0.4969595077654493,0.8735477064401487,0.32745129424719266,0.3281182556004676,0.9257499214245446,0.3496726262851384,0.3174193646675407,0.6340991628710377,0.5049067559629554,0.7002706365647984,0.5149450198578513,0.47822134789557014,0.8415144841636666,0.6102239261797772,0.663612290783735,0.9280847791699415,0.5347931496025173,0.7031841137933394,0.4370632005296007,0.5193230262862699,0.30888090485719144,0.733140790641267,0.7003381685093086,0.6034574948516744,0.46440713934847966,0.4488918718185958,0.4405956079092934,0.49124185622558425,0.8875188765961465,0.9632451280805612,0.6385807327600852,0.30202590264410634,0.302300260589614,0.30065847997211326,0.9303949774426751,0.54056663622153,0.2810743330632154,0.42586146130518976,0.5481014691960975,0.3223171789851097,0.41487055373041104,,0.9428832013706685,0.5499901188333411,0.8413737254001897
1460,0.13146073412710702,0.049902653332571933,0.01849389985504013,0.050488968237525356,0.02582485402607615,0.02035631131899751,0.06216402621778938,0.531955642325757,0.07719971293423922,0.2547591776355872,0.058114419808554474,0.027119937443445985,0.09645730067473579,0.3807351145249602,0.07022001112971854,0.24561220561483565,0.025153505388623598,0.37237199590387027,0.011743418625602353,0.013242663423540635,0.04195763272361719,0.046236754044129524,0.026624636721833572,0.056430253438935596,0.2948788348331487,0.028630399753586055,0.028714701261803532,0.43012591431947833,0.03152379463961097,0.02738056050773996,0.09494828140146128,0.05814699097480247,0.1239097313081503,0.06038639781034394,0.05256675938544586,0.2432464110139173,0.0865703355504508,0.10668401265397609,0.43859464041469776,0.06506411090971242,0.1254287362577804,0.04489082166936198,0.061388903906240744,0.026342932745505365,0.1425969247328558,0.12394466535216642,0.08435378568574203,0.04987302280795736,0.04699173977939142,0.04550987727866651,0.05522459056557161,0.3232538375997459,0.6133781144159118,0.09662560392286712,0.02552670510454802,0.02555909093663511,0.025365638407737312,0.4472642963997193,0.06649132674212399,0.02312054722632284,0.042973008670149415,0.06840195865922227,0.02798653875633228,0.04115558086811222,0.0571167986293315,,0.06891349753800483,0.24312067257833184
1461,0.6715290304798189,0.4150136990151656,0.20287298903158735,0.4180024577960586,0.263658292068228,0.21915720395242588,0.47238183588990934,0.9388433715322484,0.5305111125984067,0.8219806576353335,0.4545615582962135,0.2735315112747452,0.5904897723525079,0.8925238395523809,0.5049745150812343,0.8147327419715844,0.25844443483508384,0.8890584087886026,0.13830547290082174,0.15345356013247913,0.37167954677736026,0.39569697339051024,0.2697838639191006,0.4468388171434913,0.8495924640016566,0.28474917543943434,0.2853660647257277,0.9106726613986599,0.30538851414572565,0.27548960377723497,0.5862667921511961,0.45470905668052897,0.6564012180677407,0.46468602615749055,0.4283811387999845,0.8127913479497322,0.561429148712302,0.6173095872573059,0.913437304004732,0.48453206751662115,0.6595337965225598,0.38832014312367136,0.4690499333589556,0.26763679615120217,0.6919661110289616,0.6564737854022904,0.5544341513714239,0.41486193988321995,0.39976644238625103,0.39173274032182714,0.44119206449518855,0.8658037524270168,0.9554149765523984,0.5909562939031126,0.26135098720400673,0.26160224485944117,0.2600990948825619,0.9161755379189004,0.4903348628115789,0.2422417567458378,0.3775298569963129,0.4979283615421587,0.2800058395897801,0.36698900245448796,0.45000988116665885,0.9310865024619952,,0.8127741193570648
1463,0.32022338110869386,0.1405014763046024,0.05539444478073596,0.14199316746411816,0.07621686472002365,0.0607429162406653,0.1710166109639304,0.7796033175322925,0.20658115299646485,0.5154876548529385,0.16109397308351991,0.07983195204163518,0.24939084215900054,0.6567692897782929,0.19031641697630286,0.5033015781210863,0.07433547528151907,0.6486943178299811,0.03566426736800177,0.04009351413517248,0.11995330009136451,0.1310984474210798,0.07845158419969112,0.1569226503622254,0.5655097552469361,0.0840246851726324,0.08425794565547817,0.7014101089155844,0.0919861087242484,0.08055719360573277,0.2461410402630113,0.1611743844144241,0.3056455133022473,0.1666794761101431,0.14725266909321422,0.5000991100836594,0.2277798647343099,0.2709693834681667,0.7085787874397842,0.17803089750642265,0.3086076233004724,0.1276127495451348,0.16912897898259516,0.0776652746618175,0.3410705703676784,0.30571380508721757,0.22282978517199392,0.14042600215802725,0.13304581725485032,0.12921822646331171,0.1539201553827948,0.5978466491530205,0.8315837694644268,0.24975223107672073,0.07538195624535005,0.0754726948165082,0.07493050481236663,0.715780940890254,0.18145516475206303,0.06860727873013939,0.12261460300803406,0.18601103465955648,0.08224054822807347,0.1178436954668467,0.15862627459981027,0.7568793274216682,0.18722588064293522,
